Invoice ID,Date,Branch,City,Customer Type,Gender,Product,Category,Quantity,Unit Price,Payment,Rating,Sales
INV0001,2026-01-01,D,Bengaluru,Normal,Male,Tomato,Vegetables,7,42.94,Net Banking,5.0,300.58
INV0002,2026-01-01,D,Bengaluru,Member,Male,Noodles,Grocery,10,51.32,Net Banking,3.4,513.2
INV0003,2026-01-01,C,Mumbai,Member,Female,Chips,Snacks,6,35.53,Net Banking,3.0,213.18
INV0004,2026-01-02,A,Jaipur,Member,Female,Cheese,Dairy,9,231.28,Card,3.1,2081.52
INV0005,2026-01-02,C,Mumbai,Normal,Male,Biscuits,Snacks,2,30.41,Card,4.1,60.82
INV0006,2026-01-02,B,Delhi,Member,Male,Milk,Dairy,2,54.56,UPI,4.0,109.12
INV0007,2026-01-02,A,Jaipur,Member,Female,Soap,Personal Care,7,44.17,UPI,3.9,309.19
INV0008,2026-01-03,C,Mumbai,Normal,Male,Potato,Vegetables,1,33.42,Card,3.6,33.42
INV0009,2026-01-03,C,Mumbai,Member,Male,Bread,Bakery,10,38.9,UPI,4.9,389.0
INV0010,2026-01-03,C,Mumbai,Member,Female,Milk,Dairy,8,53.94,Cash,3.7,431.52
INV0011,2026-01-04,B,Delhi,Member,Female,Cheese,Dairy,9,223.15,Net Banking,3.6,2008.35
INV0012,2026-01-04,C,Mumbai,Member,Female,Coffee,Beverages,1,177.61,UPI,4.3,177.61
INV0013,2026-01-05,D,Bengaluru,Member,Male,Cheese,Dairy,9,221.83,Card,3.9,1996.47
INV0014,2026-01-05,B,Delhi,Normal,Male,Soap,Personal Care,3,48.13,Net Banking,4.8,144.39
INV0015,2026-01-05,C,Mumbai,Normal,Male,Chocolate,Snacks,4,53.2,UPI,3.7,212.8
INV0016,2026-01-06,D,Bengaluru,Normal,Male,Tea,Beverages,1,117.33,Net Banking,3.5,117.33
INV0017,2026-01-06,B,Delhi,Normal,Female,Bananas,Fruits,1,64.2,UPI,3.2,64.2
INV0018,2026-01-07,A,Jaipur,Normal,Male,Bananas,Fruits,5,62.07,UPI,4.3,310.35
INV0019,2026-01-07,D,Bengaluru,Normal,Male,Chips,Snacks,4,36.4,Net Banking,3.4,145.6
INV0020,2026-01-07,B,Delhi,Member,Male,Noodles,Grocery,4,53.71,Net Banking,3.5,214.84
INV0021,2026-01-07,B,Delhi,Member,Male,Chocolate,Snacks,8,52.53,Cash,4.3,420.24
INV0022,2026-01-07,D,Bengaluru,Member,Male,Milk,Dairy,7,55.6,UPI,4.1,389.2
INV0023,2026-01-07,B,Delhi,Normal,Male,Tea,Beverages,8,117.43,Net Banking,3.8,939.44
INV0024,2026-01-08,D,Bengaluru,Normal,Female,Chips,Snacks,4,35.28,UPI,3.3,141.12
INV0025,2026-01-09,D,Bengaluru,Member,Female,Bread,Bakery,1,41.78,Net Banking,3.2,41.78
INV0026,2026-01-09,A,Jaipur,Member,Female,Bread,Bakery,7,42.06,Cash,3.0,294.42
INV0027,2026-01-09,C,Mumbai,Member,Female,Coffee,Beverages,3,177.29,Net Banking,3.5,531.87
INV0028,2026-01-10,C,Mumbai,Normal,Male,Soap,Personal Care,5,45.57,UPI,3.4,227.85
INV0029,2026-01-10,A,Jaipur,Member,Male,Cheese,Dairy,3,231.01,Card,4.3,693.03
INV0030,2026-01-10,C,Mumbai,Member,Male,Bananas,Fruits,4,62.9,Net Banking,4.7,251.6
INV0031,2026-01-11,C,Mumbai,Member,Female,Tea,Beverages,1,127.64,Card,4.7,127.64
INV0032,2026-01-11,C,Mumbai,Normal,Male,Chips,Snacks,9,33.14,UPI,3.0,298.26
INV0033,2026-01-12,B,Delhi,Member,Female,Bread,Bakery,7,41.49,Net Banking,3.7,290.43
INV0034,2026-01-12,C,Mumbai,Member,Male,Tea,Beverages,9,118.78,Card,4.4,1069.02
INV0035,2026-01-12,C,Mumbai,Member,Female,Shampoo,Personal Care,2,168.27,Card,4.5,336.54
INV0036,2026-01-12,C,Mumbai,Member,Female,Cheese,Dairy,1,219.6,Card,3.0,219.6
INV0037,2026-01-12,D,Bengaluru,Member,Male,Noodles,Grocery,4,56.24,Cash,4.4,224.96
INV0038,2026-01-14,A,Jaipur,Member,Male,Tea,Beverages,3,122.35,UPI,4.7,367.05
INV0039,2026-01-14,B,Delhi,Member,Male,Potato,Vegetables,1,37.08,Net Banking,3.7,37.08
INV0040,2026-01-15,A,Jaipur,Member,Male,Soap,Personal Care,2,43.27,Card,4.1,86.54
INV0041,2026-01-15,D,Bengaluru,Member,Female,Bananas,Fruits,4,64.1,Net Banking,4.3,256.4
INV0042,2026-01-15,A,Jaipur,Member,Male,Rice,Grocery,10,73.76,UPI,4.1,737.6
INV0043,2026-01-16,D,Bengaluru,Member,Female,Tomato,Vegetables,1,44.8,UPI,4.0,44.8
INV0044,2026-01-16,B,Delhi,Normal,Male,Milk,Dairy,10,58.17,Net Banking,3.6,581.7
INV0045,2026-01-16,A,Jaipur,Normal,Male,Chocolate,Snacks,10,52.92,Net Banking,4.0,529.2
INV0046,2026-01-16,D,Bengaluru,Normal,Male,Coffee,Beverages,8,177.8,UPI,3.8,1422.4
INV0047,2026-01-17,A,Jaipur,Member,Male,Noodles,Grocery,3,54.43,Card,3.7,163.29
INV0048,2026-01-17,B,Delhi,Normal,Female,Face Wash,Personal Care,1,120.74,UPI,3.9,120.74
INV0049,2026-01-17,C,Mumbai,Member,Male,Noodles,Grocery,3,51.31,Cash,3.8,153.93
INV0050,2026-01-17,D,Bengaluru,Member,Male,Apples,Fruits,1,138.61,Net Banking,3.9,138.61
INV0051,2026-01-17,B,Delhi,Member,Male,Cheese,Dairy,7,223.64,UPI,3.8,1565.48
INV0052,2026-01-17,B,Delhi,Member,Female,Biscuits,Snacks,10,31.42,UPI,4.4,314.2
INV0053,2026-01-18,B,Delhi,Normal,Female,Cold Drink,Beverages,10,67.97,Net Banking,4.1,679.7
INV0054,2026-01-19,B,Delhi,Member,Female,Chocolate,Snacks,8,53.29,Net Banking,3.2,426.32
INV0055,2026-01-19,B,Delhi,Member,Male,Cold Drink,Beverages,3,66.38,Net Banking,3.3,199.14
INV0056,2026-01-19,D,Bengaluru,Normal,Female,Bread,Bakery,5,40.05,UPI,4.5,200.25
INV0057,2026-01-19,D,Bengaluru,Member,Female,Rice,Grocery,3,72.93,UPI,3.8,218.79
INV0058,2026-01-21,B,Delhi,Member,Female,Potato,Vegetables,7,34.03,Card,3.9,238.21
INV0059,2026-01-21,D,Bengaluru,Normal,Male,Tomato,Vegetables,1,45.35,Net Banking,3.7,45.35
INV0060,2026-01-21,C,Mumbai,Member,Male,Tomato,Vegetables,8,45.32,Net Banking,4.0,362.56
INV0061,2026-01-21,B,Delhi,Normal,Female,Cold Drink,Beverages,5,67.2,Card,5.0,336.0
INV0062,2026-01-22,C,Mumbai,Normal,Male,Milk,Dairy,2,55.22,Card,3.0,110.44
INV0063,2026-01-22,D,Bengaluru,Member,Female,Soap,Personal Care,2,41.91,UPI,3.3,83.82
INV0064,2026-01-22,C,Mumbai,Member,Female,Cooking Oil,Grocery,3,151.02,Card,3.0,453.06
INV0065,2026-01-23,D,Bengaluru,Normal,Male,Soap,Personal Care,7,46.17,Net Banking,3.6,323.19
INV0066,2026-01-23,B,Delhi,Member,Male,Chocolate,Snacks,5,52.88,UPI,4.1,264.4
INV0067,2026-01-24,D,Bengaluru,Member,Female,Cooking Oil,Grocery,7,146.68,Card,3.0,1026.76
INV0068,2026-01-24,B,Delhi,Normal,Female,Cheese,Dairy,3,219.06,Card,4.6,657.18
INV0069,2026-01-24,D,Bengaluru,Member,Male,Face Wash,Personal Care,4,127.7,Card,3.9,510.8
INV0070,2026-01-25,D,Bengaluru,Member,Male,Soap,Personal Care,5,42.61,Cash,3.4,213.05
INV0071,2026-01-25,B,Delhi,Normal,Female,Cold Drink,Beverages,4,65.79,Cash,3.2,263.16
INV0072,2026-01-25,C,Mumbai,Member,Female,Shampoo,Personal Care,3,177.53,UPI,3.8,532.59
INV0073,2026-01-26,B,Delhi,Member,Male,Noodles,Grocery,9,50.72,Cash,3.9,456.48
INV0074,2026-01-27,A,Jaipur,Normal,Male,Biscuits,Snacks,8,31.58,UPI,4.7,252.64
INV0075,2026-01-27,B,Delhi,Member,Male,Apples,Fruits,8,149.74,UPI,4.5,1197.92
INV0076,2026-01-27,B,Delhi,Normal,Male,Shampoo,Personal Care,6,191.64,Cash,3.4,1149.84
INV0077,2026-01-27,B,Delhi,Member,Male,Cold Drink,Beverages,9,67.26,Cash,3.7,605.34
INV0078,2026-01-28,C,Mumbai,Member,Female,Rice,Grocery,6,70.07,Net Banking,3.9,420.42
INV0079,2026-01-28,C,Mumbai,Normal,Male,Cooking Oil,Grocery,2,152.54,Card,4.2,305.08
INV0080,2026-01-28,A,Jaipur,Normal,Female,Tomato,Vegetables,1,42.49,Net Banking,4.5,42.49
INV0081,2026-01-28,B,Delhi,Normal,Female,Bananas,Fruits,3,64.2,Card,3.8,192.6
INV0082,2026-01-28,C,Mumbai,Member,Female,Milk,Dairy,5,51.62,UPI,4.2,258.1
INV0083,2026-01-28,A,Jaipur,Member,Male,Cooking Oil,Grocery,1,145.23,UPI,3.0,145.23
INV0084,2026-01-29,B,Delhi,Member,Female,Face Wash,Personal Care,8,113.5,UPI,3.2,908.0
INV0085,2026-01-30,C,Mumbai,Member,Male,Apples,Fruits,6,138.65,Cash,4.0,831.9
INV0086,2026-01-30,B,Delhi,Member,Male,Chocolate,Snacks,6,53.34,Cash,4.0,320.04
INV0087,2026-01-30,D,Bengaluru,Normal,Female,Shampoo,Personal Care,6,180.67,Cash,3.5,1084.02
INV0088,2026-01-30,D,Bengaluru,Member,Male,Milk,Dairy,1,58.13,Cash,3.6,58.13
INV0089,2026-01-30,B,Delhi,Member,Female,Cold Drink,Beverages,3,69.05,Net Banking,3.0,207.15
INV0090,2026-01-31,A,Jaipur,Normal,Male,Chocolate,Snacks,7,53.13,Card,3.3,371.91
INV0091,2026-01-31,A,Jaipur,Normal,Male,Biscuits,Snacks,10,28.32,Cash,4.1,283.2
INV0092,2026-01-31,B,Delhi,Member,Male,Potato,Vegetables,7,34.39,UPI,3.7,240.73
INV0093,2026-01-31,D,Bengaluru,Normal,Female,Potato,Vegetables,7,35.62,Card,4.0,249.34
INV0094,2026-02-01,C,Mumbai,Member,Male,Tomato,Vegetables,6,44.78,UPI,4.1,268.68
INV0095,2026-02-01,A,Jaipur,Member,Female,Soap,Personal Care,5,45.96,Net Banking,3.9,229.8
INV0096,2026-02-01,A,Jaipur,Member,Female,Bread,Bakery,5,37.86,Net Banking,3.9,189.3
INV0097,2026-02-01,B,Delhi,Normal,Female,Cheese,Dairy,4,222.36,Net Banking,5.0,889.44
INV0098,2026-02-01,B,Delhi,Normal,Female,Apples,Fruits,8,143.19,Card,4.7,1145.52
INV0099,2026-02-02,B,Delhi,Member,Male,Noodles,Grocery,6,50.92,Net Banking,3.1,305.52
INV0100,2026-02-02,A,Jaipur,Normal,Male,Biscuits,Snacks,3,30.06,Card,4.8,90.18
INV0101,2026-02-03,C,Mumbai,Member,Female,Chips,Snacks,7,35.95,UPI,4.3,251.65
INV0102,2026-02-03,D,Bengaluru,Member,Female,Face Wash,Personal Care,1,126.62,Card,4.2,126.62
INV0103,2026-02-03,C,Mumbai,Member,Female,Milk,Dairy,4,53.91,Net Banking,3.6,215.64
INV0104,2026-02-04,C,Mumbai,Member,Female,Chips,Snacks,9,37.71,UPI,3.5,339.39
INV0105,2026-02-05,C,Mumbai,Member,Female,Coffee,Beverages,4,172.62,Net Banking,3.5,690.48
INV0106,2026-02-05,A,Jaipur,Normal,Female,Bread,Bakery,10,42.76,Cash,4.4,427.6
INV0107,2026-02-05,C,Mumbai,Member,Male,Cheese,Dairy,3,226.54,UPI,4.2,679.62
INV0108,2026-02-06,C,Mumbai,Normal,Male,Soap,Personal Care,8,45.65,UPI,3.4,365.2
INV0109,2026-02-06,B,Delhi,Member,Female,Rice,Grocery,8,71.27,Card,4.6,570.16
INV0110,2026-02-06,B,Delhi,Normal,Male,Potato,Vegetables,8,35.34,Cash,3.5,282.72
INV0111,2026-02-07,A,Jaipur,Member,Male,Face Wash,Personal Care,4,117.7,Card,4.2,470.8
INV0112,2026-02-07,C,Mumbai,Member,Male,Rice,Grocery,10,71.5,Card,3.8,715.0
INV0113,2026-02-07,D,Bengaluru,Normal,Female,Cooking Oil,Grocery,3,152.87,Card,3.7,458.61
INV0114,2026-02-08,B,Delhi,Member,Male,Bananas,Fruits,6,62.47,Net Banking,3.5,374.82
INV0115,2026-02-08,B,Delhi,Member,Male,Face Wash,Personal Care,10,119.07,Cash,4.0,1190.7
INV0116,2026-02-09,C,Mumbai,Normal,Female,Milk,Dairy,3,57.28,Card,3.4,171.84
INV0117,2026-02-10,D,Bengaluru,Normal,Male,Bread,Bakery,6,38.43,Card,3.7,230.58
INV0118,2026-02-10,C,Mumbai,Normal,Female,Biscuits,Snacks,2,32.08,Card,3.9,64.16
INV0119,2026-02-10,A,Jaipur,Normal,Male,Bananas,Fruits,8,63.96,Net Banking,5.0,511.68
INV0120,2026-02-11,D,Bengaluru,Member,Male,Cooking Oil,Grocery,8,148.24,Cash,3.9,1185.92
INV0121,2026-02-12,A,Jaipur,Member,Female,Cooking Oil,Grocery,8,149.71,Net Banking,3.4,1197.68
INV0122,2026-02-12,C,Mumbai,Member,Female,Noodles,Grocery,9,54.6,UPI,4.0,491.4
INV0123,2026-02-12,A,Jaipur,Member,Male,Cold Drink,Beverages,6,69.25,Net Banking,3.7,415.5
INV0124,2026-02-13,D,Bengaluru,Member,Male,Noodles,Grocery,9,56.99,Card,4.0,512.91
INV0125,2026-02-13,B,Delhi,Normal,Male,Chips,Snacks,7,33.15,Net Banking,3.9,232.05
INV0126,2026-02-13,C,Mumbai,Normal,Male,Cheese,Dairy,4,232.33,UPI,3.2,929.32
INV0127,2026-02-14,A,Jaipur,Member,Female,Soap,Personal Care,1,46.22,Net Banking,4.2,46.22
INV0128,2026-02-14,B,Delhi,Normal,Female,Chips,Snacks,10,37.33,Cash,4.5,373.3
INV0129,2026-02-14,C,Mumbai,Normal,Male,Noodles,Grocery,1,56.74,UPI,3.5,56.74
INV0130,2026-02-14,B,Delhi,Member,Male,Tea,Beverages,4,120.62,Card,4.2,482.48
INV0131,2026-02-15,C,Mumbai,Normal,Female,Coffee,Beverages,8,174.93,Card,4.1,1399.44
INV0132,2026-02-15,A,Jaipur,Normal,Female,Bananas,Fruits,5,63.18,Net Banking,4.2,315.9
INV0133,2026-02-15,B,Delhi,Member,Male,Tea,Beverages,10,112.86,UPI,4.8,1128.6
INV0134,2026-02-15,C,Mumbai,Member,Male,Cheese,Dairy,6,229.55,Net Banking,4.5,1377.3
INV0135,2026-02-15,D,Bengaluru,Member,Male,Bananas,Fruits,4,62.35,Net Banking,4.1,249.4
INV0136,2026-02-16,B,Delhi,Member,Female,Bananas,Fruits,6,61.37,UPI,4.2,368.22
INV0137,2026-02-16,C,Mumbai,Member,Female,Tea,Beverages,3,115.72,Net Banking,4.3,347.16
INV0138,2026-02-16,C,Mumbai,Normal,Male,Cooking Oil,Grocery,7,153.11,Card,4.8,1071.77
INV0139,2026-02-16,C,Mumbai,Member,Female,Cheese,Dairy,1,220.14,UPI,4.4,220.14
INV0140,2026-02-16,C,Mumbai,Member,Male,Shampoo,Personal Care,4,172.76,Net Banking,3.6,691.04
INV0141,2026-02-18,B,Delhi,Member,Female,Cooking Oil,Grocery,7,153.14,UPI,5.0,1071.98
INV0142,2026-02-18,A,Jaipur,Member,Male,Noodles,Grocery,1,55.19,Card,3.6,55.19
INV0143,2026-02-18,D,Bengaluru,Member,Male,Noodles,Grocery,10,55.7,Card,3.2,557.0
INV0144,2026-02-18,D,Bengaluru,Normal,Male,Cooking Oil,Grocery,7,151.44,Card,4.5,1060.08
INV0145,2026-02-18,C,Mumbai,Normal,Female,Cold Drink,Beverages,2,64.81,UPI,4.0,129.62
INV0146,2026-02-18,C,Mumbai,Member,Male,Tea,Beverages,2,123.82,Card,4.0,247.64
INV0147,2026-02-18,C,Mumbai,Normal,Female,Potato,Vegetables,9,33.8,Cash,3.6,304.2
INV0148,2026-02-18,A,Jaipur,Normal,Female,Rice,Grocery,9,67.2,Cash,4.6,604.8
INV0149,2026-02-19,C,Mumbai,Normal,Male,Biscuits,Snacks,1,30.6,Card,3.7,30.6
INV0150,2026-02-19,C,Mumbai,Member,Male,Shampoo,Personal Care,9,183.35,Net Banking,3.6,1650.15
INV0151,2026-02-21,C,Mumbai,Normal,Male,Chips,Snacks,9,34.65,UPI,3.6,311.85
INV0152,2026-02-21,D,Bengaluru,Member,Male,Chips,Snacks,5,37.48,Card,4.2,187.4
INV0153,2026-02-22,B,Delhi,Member,Female,Cooking Oil,Grocery,8,150.06,Cash,4.5,1200.48
INV0154,2026-02-22,D,Bengaluru,Member,Female,Coffee,Beverages,10,177.29,Net Banking,3.3,1772.9
INV0155,2026-02-22,C,Mumbai,Normal,Male,Apples,Fruits,9,138.3,Card,4.2,1244.7
INV0156,2026-02-22,D,Bengaluru,Member,Female,Cold Drink,Beverages,1,67.63,Card,3.7,67.63
INV0157,2026-02-22,C,Mumbai,Member,Male,Milk,Dairy,3,56.87,Cash,3.7,170.61
INV0158,2026-02-22,A,Jaipur,Normal,Male,Face Wash,Personal Care,3,124.03,Cash,3.0,372.09
INV0159,2026-02-23,C,Mumbai,Member,Female,Rice,Grocery,5,68.86,Cash,3.1,344.3
INV0160,2026-02-23,D,Bengaluru,Member,Male,Apples,Fruits,10,145.7,Cash,4.1,1457.0
INV0161,2026-02-25,D,Bengaluru,Member,Male,Bread,Bakery,6,41.09,Cash,4.1,246.54
INV0162,2026-02-25,B,Delhi,Normal,Male,Apples,Fruits,9,136.01,Card,3.3,1224.09
INV0163,2026-02-25,A,Jaipur,Normal,Male,Shampoo,Personal Care,4,174.66,Net Banking,3.7,698.64
INV0164,2026-02-25,C,Mumbai,Member,Male,Face Wash,Personal Care,4,114.83,Cash,4.5,459.32
INV0165,2026-02-26,B,Delhi,Member,Female,Cold Drink,Beverages,8,63.99,Card,3.9,511.92
INV0166,2026-02-26,A,Jaipur,Normal,Male,Rice,Grocery,9,66.85,Net Banking,3.9,601.65
INV0167,2026-02-27,A,Jaipur,Member,Male,Cold Drink,Beverages,6,67.78,Cash,4.7,406.68
INV0168,2026-02-27,B,Delhi,Member,Female,Potato,Vegetables,10,33.22,Cash,3.0,332.2
INV0169,2026-02-28,D,Bengaluru,Member,Female,Coffee,Beverages,1,177.46,Net Banking,3.0,177.46
INV0170,2026-02-28,D,Bengaluru,Normal,Male,Chocolate,Snacks,4,53.0,UPI,3.6,212.0
INV0171,2026-02-28,B,Delhi,Normal,Female,Shampoo,Personal Care,2,188.0,UPI,5.0,376.0
INV0172,2026-02-28,B,Delhi,Member,Female,Potato,Vegetables,9,34.32,UPI,4.6,308.88
INV0173,2026-02-28,D,Bengaluru,Normal,Male,Rice,Grocery,5,72.17,Net Banking,3.3,360.85
INV0174,2026-02-28,D,Bengaluru,Normal,Female,Apples,Fruits,10,147.47,Net Banking,4.8,1474.7
INV0175,2026-03-01,D,Bengaluru,Normal,Female,Cheese,Dairy,8,225.26,Card,3.7,1802.08
INV0176,2026-03-01,D,Bengaluru,Member,Female,Shampoo,Personal Care,9,183.31,Cash,4.7,1649.79
INV0177,2026-03-01,C,Mumbai,Member,Male,Potato,Vegetables,4,36.43,Card,3.9,145.72
INV0178,2026-03-02,C,Mumbai,Member,Male,Tomato,Vegetables,10,42.91,Card,4.4,429.1
INV0179,2026-03-02,C,Mumbai,Member,Male,Cheese,Dairy,4,219.46,Card,3.5,877.84
INV0180,2026-03-02,A,Jaipur,Normal,Female,Tomato,Vegetables,10,45.28,Cash,4.6,452.8
INV0181,2026-03-02,B,Delhi,Member,Male,Rice,Grocery,9,69.36,UPI,3.3,624.24
INV0182,2026-03-03,A,Jaipur,Member,Female,Noodles,Grocery,7,53.69,Card,4.5,375.83
INV0183,2026-03-03,A,Jaipur,Normal,Male,Apples,Fruits,2,140.49,Card,3.6,280.98
INV0184,2026-03-03,D,Bengaluru,Member,Female,Milk,Dairy,1,58.84,Cash,3.3,58.84
INV0185,2026-03-03,C,Mumbai,Normal,Male,Milk,Dairy,6,53.49,Net Banking,3.7,320.94
INV0186,2026-03-03,C,Mumbai,Normal,Female,Bread,Bakery,2,38.74,Card,3.8,77.48
INV0187,2026-03-03,C,Mumbai,Normal,Female,Soap,Personal Care,2,45.94,Cash,3.7,91.88
INV0188,2026-03-05,B,Delhi,Member,Female,Soap,Personal Care,6,44.27,UPI,3.4,265.62
INV0189,2026-03-05,C,Mumbai,Normal,Male,Apples,Fruits,2,139.7,Card,3.9,279.4
INV0190,2026-03-05,A,Jaipur,Normal,Male,Coffee,Beverages,2,172.06,UPI,3.4,344.12
INV0191,2026-03-05,A,Jaipur,Member,Female,Bread,Bakery,6,42.64,Card,5.0,255.84
INV0192,2026-03-06,B,Delhi,Member,Male,Cheese,Dairy,3,223.56,Cash,3.0,670.68
INV0193,2026-03-06,C,Mumbai,Normal,Male,Shampoo,Personal Care,4,191.65,Card,5.0,766.6
INV0194,2026-03-06,B,Delhi,Normal,Male,Coffee,Beverages,6,176.36,Net Banking,4.0,1058.16
INV0195,2026-03-06,D,Bengaluru,Normal,Female,Face Wash,Personal Care,1,114.84,Net Banking,3.2,114.84
INV0196,2026-03-08,D,Bengaluru,Member,Male,Tea,Beverages,6,110.95,Card,3.7,665.7
INV0197,2026-03-08,A,Jaipur,Normal,Male,Rice,Grocery,3,71.6,UPI,3.8,214.8
INV0198,2026-03-08,C,Mumbai,Member,Female,Bread,Bakery,4,38.44,Net Banking,4.1,153.76
INV0199,2026-03-08,A,Jaipur,Member,Male,Bananas,Fruits,4,64.52,Cash,3.3,258.08
INV0200,2026-03-08,D,Bengaluru,Normal,Female,Noodles,Grocery,3,54.52,Net Banking,4.5,163.56
INV0201,2026-03-08,D,Bengaluru,Normal,Female,Milk,Dairy,9,53.76,UPI,4.1,483.84
INV0202,2026-03-09,B,Delhi,Normal,Male,Noodles,Grocery,5,54.55,Net Banking,5.0,272.75
INV0203,2026-03-09,A,Jaipur,Normal,Male,Bananas,Fruits,6,62.81,Card,4.4,376.86
INV0204,2026-03-09,C,Mumbai,Normal,Female,Shampoo,Personal Care,6,179.72,Cash,4.7,1078.32
INV0205,2026-03-09,D,Bengaluru,Normal,Female,Tea,Beverages,4,120.45,UPI,4.6,481.8
INV0206,2026-03-10,B,Delhi,Member,Male,Cheese,Dairy,9,231.55,UPI,4.4,2083.95
INV0207,2026-03-10,C,Mumbai,Member,Male,Cold Drink,Beverages,4,66.68,Cash,4.7,266.72
INV0208,2026-03-10,D,Bengaluru,Normal,Female,Cooking Oil,Grocery,10,153.29,Net Banking,4.7,1532.9
INV0209,2026-03-10,C,Mumbai,Member,Male,Bananas,Fruits,7,62.0,UPI,4.5,434.0
INV0210,2026-03-11,C,Mumbai,Member,Male,Cheese,Dairy,10,226.89,Cash,4.2,2268.9
INV0211,2026-03-11,B,Delhi,Member,Male,Chips,Snacks,4,35.28,Net Banking,4.6,141.12
INV0212,2026-03-12,C,Mumbai,Member,Female,Chocolate,Snacks,8,52.68,Net Banking,3.1,421.44
INV0213,2026-03-12,D,Bengaluru,Normal,Male,Chocolate,Snacks,9,53.37,UPI,4.5,480.33
INV0214,2026-03-12,D,Bengaluru,Normal,Female,Noodles,Grocery,2,57.61,Card,3.5,115.22
INV0215,2026-03-13,C,Mumbai,Member,Male,Shampoo,Personal Care,6,169.48,Net Banking,3.3,1016.88
INV0216,2026-03-13,B,Delhi,Member,Female,Noodles,Grocery,1,55.23,UPI,4.0,55.23
INV0217,2026-03-13,C,Mumbai,Normal,Female,Noodles,Grocery,7,51.66,Net Banking,3.5,361.62
INV0218,2026-03-14,D,Bengaluru,Normal,Male,Soap,Personal Care,9,45.5,Card,4.6,409.5
INV0219,2026-03-14,B,Delhi,Normal,Female,Face Wash,Personal Care,4,124.39,Card,3.9,497.56
INV0220,2026-03-14,B,Delhi,Normal,Female,Noodles,Grocery,2,53.4,UPI,4.4,106.8
INV0221,2026-03-16,A,Jaipur,Member,Female,Cooking Oil,Grocery,5,148.41,Card,4.7,742.05
INV0222,2026-03-16,C,Mumbai,Member,Female,Rice,Grocery,10,70.1,Cash,3.0,701.0
INV0223,2026-03-17,A,Jaipur,Member,Female,Tea,Beverages,10,123.65,Cash,4.0,1236.5
INV0224,2026-03-17,A,Jaipur,Normal,Female,Shampoo,Personal Care,9,185.23,UPI,3.9,1667.07
INV0225,2026-03-17,C,Mumbai,Member,Male,Cold Drink,Beverages,9,69.96,Cash,3.5,629.64
INV0226,2026-03-17,A,Jaipur,Member,Female,Cold Drink,Beverages,6,68.21,Net Banking,4.4,409.26
INV0227,2026-03-17,A,Jaipur,Member,Male,Shampoo,Personal Care,5,183.8,Card,3.4,919.0
INV0228,2026-03-17,B,Delhi,Normal,Male,Chocolate,Snacks,8,53.08,Cash,3.5,424.64
INV0229,2026-03-18,D,Bengaluru,Member,Male,Tea,Beverages,9,128.34,Card,4.7,1155.06
INV0230,2026-03-18,D,Bengaluru,Normal,Female,Tea,Beverages,6,112.79,UPI,3.0,676.74
INV0231,2026-03-18,C,Mumbai,Normal,Female,Bananas,Fruits,6,61.17,Card,3.9,367.02
INV0232,2026-03-19,D,Bengaluru,Normal,Female,Potato,Vegetables,5,36.46,UPI,4.4,182.3
INV0233,2026-03-19,C,Mumbai,Member,Female,Apples,Fruits,8,138.67,Net Banking,4.1,1109.36
INV0234,2026-03-19,B,Delhi,Member,Male,Rice,Grocery,7,69.13,Card,4.0,483.91
INV0235,2026-03-20,A,Jaipur,Member,Male,Cooking Oil,Grocery,2,152.83,Net Banking,4.1,305.66
INV0236,2026-03-20,C,Mumbai,Member,Female,Biscuits,Snacks,5,29.01,Net Banking,4.1,145.05
INV0237,2026-03-21,C,Mumbai,Member,Male,Potato,Vegetables,8,37.13,Cash,4.1,297.04
INV0238,2026-03-24,C,Mumbai,Normal,Male,Apples,Fruits,1,140.49,UPI,4.3,140.49
INV0239,2026-03-24,C,Mumbai,Member,Male,Cooking Oil,Grocery,5,154.28,UPI,4.6,771.4
INV0240,2026-03-24,B,Delhi,Normal,Male,Face Wash,Personal Care,7,117.69,Net Banking,4.4,823.83
INV0241,2026-03-24,D,Bengaluru,Member,Female,Biscuits,Snacks,8,29.74,Net Banking,4.7,237.92
INV0242,2026-03-24,B,Delhi,Member,Female,Tea,Beverages,4,116.6,UPI,3.3,466.4
INV0243,2026-03-25,D,Bengaluru,Normal,Female,Tea,Beverages,6,127.14,Net Banking,3.5,762.84
INV0244,2026-03-25,C,Mumbai,Member,Male,Bread,Bakery,1,37.86,Cash,3.7,37.86
INV0245,2026-03-26,D,Bengaluru,Normal,Male,Biscuits,Snacks,1,30.51,Net Banking,4.4,30.51
INV0246,2026-03-26,A,Jaipur,Member,Male,Tomato,Vegetables,6,43.91,Cash,3.8,263.46
INV0247,2026-03-27,D,Bengaluru,Normal,Female,Milk,Dairy,9,56.93,UPI,3.6,512.37
INV0248,2026-03-27,A,Jaipur,Member,Male,Biscuits,Snacks,1,29.72,Cash,3.2,29.72
INV0249,2026-03-28,B,Delhi,Normal,Female,Cooking Oil,Grocery,2,149.25,Net Banking,5.0,298.5
INV0250,2026-03-28,B,Delhi,Normal,Female,Cooking Oil,Grocery,3,147.12,Cash,4.7,441.36
INV0251,2026-03-28,C,Mumbai,Normal,Male,Potato,Vegetables,9,35.84,UPI,3.8,322.56
INV0252,2026-03-29,D,Bengaluru,Member,Male,Cold Drink,Beverages,7,69.86,Net Banking,3.0,489.02
INV0253,2026-03-30,B,Delhi,Member,Female,Tomato,Vegetables,2,43.47,Cash,3.9,86.94
INV0254,2026-03-30,C,Mumbai,Member,Female,Chocolate,Snacks,2,53.29,UPI,4.9,106.58
INV0255,2026-03-30,B,Delhi,Member,Female,Tea,Beverages,8,116.91,UPI,3.5,935.28
INV0256,2026-03-30,B,Delhi,Normal,Male,Shampoo,Personal Care,5,185.68,UPI,4.1,928.4
INV0257,2026-03-30,B,Delhi,Member,Male,Bananas,Fruits,2,64.58,UPI,4.0,129.16
INV0258,2026-03-30,D,Bengaluru,Member,Male,Shampoo,Personal Care,3,187.68,Cash,3.4,563.04
INV0259,2026-03-30,B,Delhi,Member,Male,Cheese,Dairy,10,231.81,Card,3.4,2318.1
INV0260,2026-03-31,A,Jaipur,Normal,Female,Noodles,Grocery,4,55.94,UPI,3.3,223.76
INV0261,2026-04-01,D,Bengaluru,Normal,Male,Cheese,Dairy,5,233.28,UPI,3.7,1166.4
INV0262,2026-04-03,D,Bengaluru,Member,Female,Noodles,Grocery,2,50.91,UPI,4.0,101.82
INV0263,2026-04-04,D,Bengaluru,Normal,Male,Shampoo,Personal Care,4,174.96,Cash,3.9,699.84
INV0264,2026-04-04,C,Mumbai,Member,Female,Tea,Beverages,9,117.17,Net Banking,3.1,1054.53
INV0265,2026-04-04,D,Bengaluru,Normal,Male,Apples,Fruits,2,142.93,Cash,4.9,285.86
INV0266,2026-04-04,D,Bengaluru,Member,Male,Milk,Dairy,5,58.21,Card,3.4,291.05
INV0267,2026-04-05,C,Mumbai,Member,Male,Coffee,Beverages,10,173.77,Card,4.2,1737.7
INV0268,2026-04-07,B,Delhi,Member,Female,Bananas,Fruits,2,64.47,UPI,3.0,128.94
INV0269,2026-04-07,A,Jaipur,Normal,Female,Biscuits,Snacks,3,30.92,Cash,4.1,92.76
INV0270,2026-04-08,B,Delhi,Normal,Female,Cold Drink,Beverages,10,64.43,Net Banking,4.7,644.3
INV0271,2026-04-09,D,Bengaluru,Normal,Female,Bananas,Fruits,3,63.29,Net Banking,4.7,189.87
INV0272,2026-04-09,C,Mumbai,Member,Female,Chips,Snacks,5,34.07,Cash,4.6,170.35
INV0273,2026-04-09,C,Mumbai,Normal,Male,Biscuits,Snacks,6,30.45,UPI,3.0,182.7
INV0274,2026-04-10,D,Bengaluru,Member,Female,Rice,Grocery,5,68.32,UPI,5.0,341.6
INV0275,2026-04-10,B,Delhi,Member,Female,Soap,Personal Care,6,47.99,Cash,4.3,287.94
INV0276,2026-04-10,C,Mumbai,Member,Female,Noodles,Grocery,3,54.93,Net Banking,3.5,164.79
INV0277,2026-04-11,D,Bengaluru,Member,Female,Bread,Bakery,8,41.12,Card,3.0,328.96
INV0278,2026-04-11,C,Mumbai,Member,Female,Potato,Vegetables,2,34.31,Net Banking,3.0,68.62
INV0279,2026-04-11,A,Jaipur,Normal,Female,Apples,Fruits,9,135.97,Card,4.4,1223.73
INV0280,2026-04-13,A,Jaipur,Normal,Male,Face Wash,Personal Care,2,125.04,Net Banking,4.0,250.08
INV0281,2026-04-13,B,Delhi,Normal,Female,Apples,Fruits,3,144.17,UPI,4.1,432.51
INV0282,2026-04-13,A,Jaipur,Member,Female,Potato,Vegetables,10,34.52,Net Banking,3.5,345.2
INV0283,2026-04-14,B,Delhi,Member,Male,Cold Drink,Beverages,6,64.17,Card,3.7,385.02
INV0284,2026-04-14,C,Mumbai,Member,Male,Milk,Dairy,2,58.25,Card,3.7,116.5
INV0285,2026-04-14,B,Delhi,Member,Female,Milk,Dairy,4,57.34,UPI,4.0,229.36
INV0286,2026-04-16,A,Jaipur,Member,Female,Bread,Bakery,7,42.61,Card,3.5,298.27
INV0287,2026-04-16,C,Mumbai,Normal,Male,Shampoo,Personal Care,7,193.54,Net Banking,3.1,1354.78
INV0288,2026-04-16,C,Mumbai,Member,Male,Coffee,Beverages,4,173.72,Card,4.1,694.88
INV0289,2026-04-17,B,Delhi,Member,Female,Chips,Snacks,1,34.97,Card,3.7,34.97
INV0290,2026-04-17,B,Delhi,Normal,Female,Tea,Beverages,9,117.73,UPI,3.4,1059.57
INV0291,2026-04-17,B,Delhi,Member,Female,Tomato,Vegetables,3,44.05,Net Banking,3.1,132.15
INV0292,2026-04-18,A,Jaipur,Normal,Female,Cold Drink,Beverages,1,63.76,Net Banking,4.1,63.76
INV0293,2026-04-18,D,Bengaluru,Member,Male,Shampoo,Personal Care,10,192.72,UPI,4.3,1927.2
INV0294,2026-04-19,B,Delhi,Normal,Male,Apples,Fruits,8,140.75,Card,3.6,1126.0
INV0295,2026-04-19,A,Jaipur,Member,Female,Potato,Vegetables,4,35.2,Card,3.0,140.8
INV0296,2026-04-20,C,Mumbai,Normal,Male,Tea,Beverages,7,118.24,UPI,4.8,827.68
INV0297,2026-04-20,B,Delhi,Normal,Male,Chips,Snacks,6,33.47,Net Banking,4.6,200.82
INV0298,2026-04-20,C,Mumbai,Member,Male,Coffee,Beverages,2,176.97,Cash,5.0,353.94
INV0299,2026-04-21,A,Jaipur,Normal,Male,Cheese,Dairy,9,234.98,Card,3.1,2114.82
INV0300,2026-04-21,B,Delhi,Member,Female,Coffee,Beverages,2,174.26,Net Banking,4.3,348.52
INV0301,2026-04-21,C,Mumbai,Member,Male,Cold Drink,Beverages,7,66.61,Card,4.9,466.27
INV0302,2026-04-22,C,Mumbai,Normal,Female,Noodles,Grocery,2,54.18,UPI,4.1,108.36
INV0303,2026-04-23,A,Jaipur,Member,Female,Apples,Fruits,2,144.05,Card,3.4,288.1
INV0304,2026-04-23,B,Delhi,Member,Male,Shampoo,Personal Care,8,188.19,Card,5.0,1505.52
INV0305,2026-04-23,B,Delhi,Member,Female,Tomato,Vegetables,1,42.14,Net Banking,3.7,42.14
INV0306,2026-04-24,B,Delhi,Member,Male,Shampoo,Personal Care,3,189.5,UPI,3.9,568.5
INV0307,2026-04-24,D,Bengaluru,Member,Male,Biscuits,Snacks,4,31.67,UPI,4.6,126.68
INV0308,2026-04-24,D,Bengaluru,Member,Female,Chips,Snacks,10,35.54,Net Banking,3.6,355.4
INV0309,2026-04-25,C,Mumbai,Member,Male,Rice,Grocery,4,73.71,UPI,3.8,294.84
INV0310,2026-04-25,C,Mumbai,Member,Male,Rice,Grocery,10,67.1,Cash,4.9,671.0
INV0311,2026-04-25,B,Delhi,Normal,Female,Potato,Vegetables,7,34.87,Cash,4.7,244.09
INV0312,2026-04-26,B,Delhi,Member,Male,Face Wash,Personal Care,9,122.56,Net Banking,3.6,1103.04
INV0313,2026-04-26,A,Jaipur,Member,Male,Cooking Oil,Grocery,9,143.76,Net Banking,4.4,1293.84
INV0314,2026-04-27,C,Mumbai,Member,Female,Biscuits,Snacks,7,30.44,Cash,3.0,213.08
INV0315,2026-04-27,C,Mumbai,Member,Male,Tea,Beverages,3,127.17,Cash,3.9,381.51
INV0316,2026-04-27,C,Mumbai,Normal,Female,Cheese,Dairy,7,227.23,Cash,4.1,1590.61
INV0317,2026-04-27,B,Delhi,Normal,Female,Soap,Personal Care,4,48.49,Card,4.3,193.96
INV0318,2026-04-29,A,Jaipur,Normal,Female,Cooking Oil,Grocery,2,144.46,Net Banking,3.8,288.92
INV0319,2026-04-29,D,Bengaluru,Member,Female,Coffee,Beverages,3,176.92,UPI,3.0,530.76
INV0320,2026-04-29,D,Bengaluru,Normal,Female,Coffee,Beverages,5,173.87,Card,4.3,869.35
INV0321,2026-04-29,C,Mumbai,Member,Female,Tea,Beverages,2,126.75,Cash,4.1,253.5
INV0322,2026-04-30,C,Mumbai,Member,Female,Potato,Vegetables,7,36.16,Net Banking,3.9,253.12
INV0323,2026-04-30,B,Delhi,Normal,Male,Tomato,Vegetables,1,44.48,Net Banking,3.0,44.48
INV0324,2026-04-30,D,Bengaluru,Member,Female,Noodles,Grocery,5,57.94,Card,3.9,289.7
INV0325,2026-04-30,A,Jaipur,Member,Male,Chips,Snacks,3,33.05,Cash,4.4,99.15
INV0326,2026-04-30,A,Jaipur,Member,Male,Biscuits,Snacks,9,30.19,UPI,3.0,271.71
INV0327,2026-04-30,C,Mumbai,Member,Female,Milk,Dairy,4,58.07,UPI,4.3,232.28
INV0328,2026-04-30,A,Jaipur,Normal,Female,Cheese,Dairy,2,226.63,Cash,4.3,453.26
INV0329,2026-04-30,B,Delhi,Normal,Male,Tomato,Vegetables,4,43.31,Card,3.3,173.24
INV0330,2026-05-01,A,Jaipur,Member,Female,Rice,Grocery,1,73.38,Net Banking,3.8,73.38
INV0331,2026-05-01,B,Delhi,Normal,Female,Rice,Grocery,7,70.1,Card,3.0,490.7
INV0332,2026-05-01,C,Mumbai,Normal,Male,Potato,Vegetables,8,33.41,Cash,4.1,267.28
INV0333,2026-05-01,C,Mumbai,Member,Female,Bananas,Fruits,7,63.84,Cash,4.1,446.88
INV0334,2026-05-02,A,Jaipur,Member,Female,Cold Drink,Beverages,5,69.43,Net Banking,3.0,347.15
INV0335,2026-05-02,A,Jaipur,Normal,Female,Potato,Vegetables,9,33.12,Cash,4.7,298.08
INV0336,2026-05-02,B,Delhi,Member,Male,Soap,Personal Care,4,43.02,Cash,4.2,172.08
INV0337,2026-05-03,A,Jaipur,Normal,Female,Cooking Oil,Grocery,5,148.7,Card,4.9,743.5
INV0338,2026-05-03,A,Jaipur,Normal,Male,Apples,Fruits,1,133.4,Net Banking,4.5,133.4
INV0339,2026-05-05,C,Mumbai,Normal,Male,Soap,Personal Care,4,43.12,UPI,4.6,172.48
INV0340,2026-05-06,A,Jaipur,Member,Male,Face Wash,Personal Care,8,128.47,Net Banking,3.1,1027.76
INV0341,2026-05-06,C,Mumbai,Member,Female,Cold Drink,Beverages,10,65.7,Card,3.2,657.0
INV0342,2026-05-06,B,Delhi,Member,Male,Biscuits,Snacks,3,29.39,Card,3.0,88.17
INV0343,2026-05-06,B,Delhi,Normal,Female,Shampoo,Personal Care,7,182.96,Net Banking,4.4,1280.72
INV0344,2026-05-07,B,Delhi,Normal,Male,Tomato,Vegetables,10,43.15,Net Banking,4.3,431.5
INV0345,2026-05-07,B,Delhi,Normal,Male,Bananas,Fruits,8,61.97,Net Banking,4.0,495.76
INV0346,2026-05-07,B,Delhi,Member,Male,Tea,Beverages,10,117.36,Cash,4.5,1173.6
INV0347,2026-05-08,D,Bengaluru,Member,Male,Rice,Grocery,2,66.92,Cash,4.9,133.84
INV0348,2026-05-08,A,Jaipur,Normal,Female,Bread,Bakery,5,38.49,Net Banking,3.9,192.45
INV0349,2026-05-08,D,Bengaluru,Normal,Female,Bananas,Fruits,1,61.1,Net Banking,3.6,61.1
INV0350,2026-05-08,D,Bengaluru,Member,Male,Cold Drink,Beverages,10,67.93,UPI,3.4,679.3
INV0351,2026-05-08,D,Bengaluru,Member,Female,Milk,Dairy,8,56.6,Cash,4.3,452.8
INV0352,2026-05-08,A,Jaipur,Member,Female,Bread,Bakery,3,38.88,UPI,4.5,116.64
INV0353,2026-05-08,A,Jaipur,Member,Female,Milk,Dairy,3,55.47,Net Banking,3.0,166.41
INV0354,2026-05-09,B,Delhi,Member,Female,Cooking Oil,Grocery,4,155.44,UPI,4.3,621.76
INV0355,2026-05-09,C,Mumbai,Normal,Male,Apples,Fruits,9,141.17,Card,4.2,1270.53
INV0356,2026-05-10,D,Bengaluru,Normal,Female,Milk,Dairy,8,52.16,Cash,3.7,417.28
INV0357,2026-05-11,A,Jaipur,Normal,Female,Tea,Beverages,10,121.27,Cash,4.6,1212.7
INV0358,2026-05-11,D,Bengaluru,Normal,Female,Cooking Oil,Grocery,8,147.88,Cash,4.8,1183.04
INV0359,2026-05-12,C,Mumbai,Normal,Female,Soap,Personal Care,1,41.84,Net Banking,4.3,41.84
INV0360,2026-05-12,C,Mumbai,Member,Female,Shampoo,Personal Care,1,183.1,Card,3.0,183.1
INV0361,2026-05-12,C,Mumbai,Member,Female,Milk,Dairy,4,52.95,Net Banking,3.0,211.8
INV0362,2026-05-13,A,Jaipur,Member,Male,Rice,Grocery,1,67.81,Net Banking,3.5,67.81
INV0363,2026-05-13,D,Bengaluru,Member,Male,Milk,Dairy,7,58.69,Net Banking,3.1,410.83
INV0364,2026-05-13,D,Bengaluru,Normal,Female,Shampoo,Personal Care,6,185.97,UPI,3.7,1115.82
INV0365,2026-05-14,C,Mumbai,Normal,Male,Face Wash,Personal Care,5,121.12,UPI,3.9,605.6
INV0366,2026-05-14,C,Mumbai,Normal,Male,Chips,Snacks,6,36.84,Cash,5.0,221.04
INV0367,2026-05-15,C,Mumbai,Normal,Female,Potato,Vegetables,9,34.71,Net Banking,4.5,312.39
INV0368,2026-05-15,A,Jaipur,Normal,Female,Cooking Oil,Grocery,5,151.74,Net Banking,4.5,758.7
INV0369,2026-05-16,A,Jaipur,Normal,Male,Milk,Dairy,1,53.28,Net Banking,4.5,53.28
INV0370,2026-05-16,A,Jaipur,Normal,Female,Bread,Bakery,10,42.13,Net Banking,3.9,421.3
INV0371,2026-05-16,D,Bengaluru,Normal,Male,Cooking Oil,Grocery,4,148.33,Cash,3.0,593.32
INV0372,2026-05-16,B,Delhi,Member,Female,Tea,Beverages,7,122.76,Cash,3.5,859.32
INV0373,2026-05-16,D,Bengaluru,Normal,Female,Cheese,Dairy,1,234.89,UPI,4.5,234.89
INV0374,2026-05-16,C,Mumbai,Normal,Male,Cooking Oil,Grocery,2,154.54,UPI,3.9,309.08
INV0375,2026-05-17,C,Mumbai,Normal,Male,Cooking Oil,Grocery,4,146.88,Cash,4.5,587.52
INV0376,2026-05-17,C,Mumbai,Member,Female,Cheese,Dairy,3,224.28,Cash,5.0,672.84
INV0377,2026-05-18,C,Mumbai,Normal,Male,Cheese,Dairy,7,222.52,Net Banking,3.9,1557.64
INV0378,2026-05-18,A,Jaipur,Member,Male,Coffee,Beverages,8,173.15,Net Banking,4.1,1385.2
INV0379,2026-05-18,D,Bengaluru,Normal,Female,Soap,Personal Care,5,44.37,Cash,4.0,221.85
INV0380,2026-05-18,D,Bengaluru,Member,Male,Tea,Beverages,2,128.24,UPI,3.4,256.48
INV0381,2026-05-19,A,Jaipur,Normal,Male,Cooking Oil,Grocery,9,148.74,Net Banking,3.7,1338.66
INV0382,2026-05-19,B,Delhi,Normal,Female,Shampoo,Personal Care,2,170.44,Net Banking,3.9,340.88
INV0383,2026-05-19,B,Delhi,Member,Female,Biscuits,Snacks,9,30.77,Cash,4.5,276.93
INV0384,2026-05-19,B,Delhi,Normal,Male,Shampoo,Personal Care,9,185.51,UPI,4.3,1669.59
INV0385,2026-05-19,A,Jaipur,Member,Female,Chips,Snacks,1,36.56,Net Banking,4.4,36.56
INV0386,2026-05-21,C,Mumbai,Normal,Male,Chips,Snacks,8,36.44,Card,3.3,291.52
INV0387,2026-05-22,D,Bengaluru,Member,Male,Bread,Bakery,3,40.36,Net Banking,4.4,121.08
INV0388,2026-05-22,D,Bengaluru,Member,Female,Chips,Snacks,7,32.56,Card,4.7,227.92
INV0389,2026-05-22,D,Bengaluru,Normal,Female,Face Wash,Personal Care,4,123.41,Card,4.7,493.64
INV0390,2026-05-22,B,Delhi,Member,Male,Soap,Personal Care,9,41.5,UPI,3.6,373.5
INV0391,2026-05-22,A,Jaipur,Normal,Male,Apples,Fruits,10,146.45,Net Banking,3.9,1464.5
INV0392,2026-05-23,C,Mumbai,Member,Male,Milk,Dairy,2,55.54,Cash,4.0,111.08
INV0393,2026-05-23,A,Jaipur,Member,Female,Shampoo,Personal Care,4,188.02,UPI,3.5,752.08
INV0394,2026-05-23,C,Mumbai,Member,Female,Noodles,Grocery,4,50.69,Net Banking,4.5,202.76
INV0395,2026-05-23,C,Mumbai,Member,Male,Tomato,Vegetables,3,42.69,Net Banking,4.6,128.07
INV0396,2026-05-24,C,Mumbai,Member,Male,Soap,Personal Care,7,41.93,Net Banking,4.6,293.51
INV0397,2026-05-24,A,Jaipur,Normal,Male,Face Wash,Personal Care,9,119.01,Card,3.5,1071.09
INV0398,2026-05-24,A,Jaipur,Member,Male,Cooking Oil,Grocery,7,153.59,Net Banking,4.3,1075.13
INV0399,2026-05-24,A,Jaipur,Member,Male,Cold Drink,Beverages,2,65.38,Net Banking,4.0,130.76
INV0400,2026-05-24,C,Mumbai,Normal,Male,Bread,Bakery,4,42.55,Card,4.8,170.2
INV0401,2026-05-26,A,Jaipur,Member,Female,Chocolate,Snacks,10,53.24,Net Banking,4.4,532.4
INV0402,2026-05-26,A,Jaipur,Member,Female,Apples,Fruits,2,138.16,Net Banking,3.9,276.32
INV0403,2026-05-27,A,Jaipur,Normal,Female,Chips,Snacks,10,36.59,Card,3.1,365.9
INV0404,2026-05-28,B,Delhi,Member,Female,Rice,Grocery,6,74.53,Card,3.5,447.18
INV0405,2026-05-28,D,Bengaluru,Member,Male,Tea,Beverages,1,121.99,Card,3.1,121.99
INV0406,2026-05-28,A,Jaipur,Member,Male,Apples,Fruits,9,131.32,UPI,4.0,1181.88
INV0407,2026-05-28,D,Bengaluru,Member,Male,Cooking Oil,Grocery,1,152.4,Net Banking,4.4,152.4
INV0408,2026-05-28,B,Delhi,Member,Female,Bananas,Fruits,1,62.53,Cash,3.6,62.53
INV0409,2026-05-30,C,Mumbai,Member,Male,Biscuits,Snacks,5,28.76,Cash,4.6,143.8
INV0410,2026-05-30,C,Mumbai,Member,Female,Noodles,Grocery,1,54.7,Net Banking,4.9,54.7
INV0411,2026-05-30,D,Bengaluru,Normal,Female,Biscuits,Snacks,4,28.87,Net Banking,3.8,115.48
INV0412,2026-05-30,A,Jaipur,Normal,Male,Cold Drink,Beverages,1,67.45,UPI,4.0,67.45
INV0413,2026-05-31,D,Bengaluru,Normal,Female,Biscuits,Snacks,10,28.9,UPI,3.8,289.0
INV0414,2026-05-31,B,Delhi,Member,Female,Cold Drink,Beverages,7,69.13,Net Banking,4.4,483.91
INV0415,2026-06-01,A,Jaipur,Member,Male,Milk,Dairy,4,57.13,UPI,3.8,228.52
INV0416,2026-06-01,C,Mumbai,Member,Male,Cold Drink,Beverages,7,66.84,UPI,4.4,467.88
INV0417,2026-06-01,D,Bengaluru,Normal,Male,Cooking Oil,Grocery,3,158.17,Net Banking,4.1,474.51
INV0418,2026-06-01,A,Jaipur,Normal,Female,Noodles,Grocery,7,51.64,UPI,3.9,361.48
INV0419,2026-06-01,C,Mumbai,Member,Female,Tea,Beverages,10,116.19,Card,4.8,1161.9
INV0420,2026-06-02,B,Delhi,Member,Female,Bananas,Fruits,7,61.59,Cash,3.2,431.13
INV0421,2026-06-02,C,Mumbai,Member,Female,Milk,Dairy,6,56.56,Card,3.0,339.36
INV0422,2026-06-02,D,Bengaluru,Member,Male,Chocolate,Snacks,10,53.29,Cash,3.6,532.9
INV0423,2026-06-02,D,Bengaluru,Member,Female,Noodles,Grocery,5,53.58,Card,4.1,267.9
INV0424,2026-06-02,B,Delhi,Member,Female,Tea,Beverages,3,115.18,Card,3.3,345.54
INV0425,2026-06-03,C,Mumbai,Member,Female,Apples,Fruits,9,149.92,UPI,3.1,1349.28
INV0426,2026-06-03,B,Delhi,Member,Male,Face Wash,Personal Care,2,116.06,UPI,3.6,232.12
INV0427,2026-06-04,B,Delhi,Normal,Female,Apples,Fruits,7,143.08,Net Banking,3.7,1001.56
INV0428,2026-06-04,A,Jaipur,Member,Male,Potato,Vegetables,4,36.42,Card,4.5,145.68
INV0429,2026-06-05,D,Bengaluru,Member,Female,Rice,Grocery,9,71.27,Card,4.2,641.43
INV0430,2026-06-06,A,Jaipur,Normal,Female,Potato,Vegetables,8,32.95,Net Banking,4.6,263.6
INV0431,2026-06-06,C,Mumbai,Member,Female,Tomato,Vegetables,1,45.37,Net Banking,3.8,45.37
INV0432,2026-06-07,A,Jaipur,Member,Female,Rice,Grocery,4,72.21,UPI,4.1,288.84
INV0433,2026-06-07,C,Mumbai,Normal,Female,Tomato,Vegetables,1,44.99,Cash,3.1,44.99
INV0434,2026-06-07,D,Bengaluru,Normal,Male,Face Wash,Personal Care,9,123.72,Net Banking,4.2,1113.48
INV0435,2026-06-07,B,Delhi,Normal,Male,Chocolate,Snacks,4,52.62,UPI,4.5,210.48
INV0436,2026-06-07,C,Mumbai,Member,Female,Noodles,Grocery,6,52.29,Net Banking,4.2,313.74
INV0437,2026-06-07,D,Bengaluru,Member,Female,Soap,Personal Care,4,45.39,Cash,4.1,181.56
INV0438,2026-06-08,A,Jaipur,Member,Male,Cheese,Dairy,4,226.54,Card,5.0,906.16
INV0439,2026-06-10,D,Bengaluru,Normal,Male,Milk,Dairy,5,58.99,UPI,3.6,294.95
INV0440,2026-06-10,D,Bengaluru,Normal,Male,Soap,Personal Care,1,45.49,Cash,3.4,45.49
INV0441,2026-06-10,B,Delhi,Normal,Male,Rice,Grocery,1,67.0,Cash,4.0,67.0
INV0442,2026-06-10,D,Bengaluru,Member,Female,Face Wash,Personal Care,6,119.19,Card,3.6,715.14
INV0443,2026-06-10,B,Delhi,Normal,Male,Biscuits,Snacks,2,30.05,Cash,3.3,60.1
INV0444,2026-06-10,D,Bengaluru,Normal,Female,Chocolate,Snacks,4,52.91,UPI,3.5,211.64
INV0445,2026-06-12,B,Delhi,Normal,Male,Tomato,Vegetables,8,45.14,Net Banking,4.6,361.12
INV0446,2026-06-12,A,Jaipur,Member,Male,Chocolate,Snacks,4,52.69,Card,3.7,210.76
INV0447,2026-06-12,D,Bengaluru,Member,Female,Rice,Grocery,2,72.29,UPI,5.0,144.58
INV0448,2026-06-13,B,Delhi,Member,Male,Tomato,Vegetables,6,43.71,Card,4.5,262.26
INV0449,2026-06-14,D,Bengaluru,Normal,Female,Tea,Beverages,2,115.75,Card,4.0,231.5
INV0450,2026-06-15,A,Jaipur,Member,Male,Bread,Bakery,7,39.9,Card,4.3,279.3
INV0451,2026-06-16,C,Mumbai,Member,Male,Tomato,Vegetables,3,43.24,Net Banking,3.7,129.72
INV0452,2026-06-16,D,Bengaluru,Normal,Female,Noodles,Grocery,4,56.77,UPI,3.8,227.08
INV0453,2026-06-17,D,Bengaluru,Normal,Female,Chocolate,Snacks,2,52.74,Cash,4.8,105.48
INV0454,2026-06-17,B,Delhi,Normal,Male,Coffee,Beverages,3,172.51,Cash,3.6,517.53
INV0455,2026-06-17,C,Mumbai,Normal,Female,Apples,Fruits,4,134.8,Cash,4.0,539.2
INV0456,2026-06-18,B,Delhi,Member,Male,Noodles,Grocery,9,50.82,Card,4.1,457.38
INV0457,2026-06-18,D,Bengaluru,Member,Female,Apples,Fruits,8,131.85,UPI,4.0,1054.8
INV0458,2026-06-18,D,Bengaluru,Member,Female,Soap,Personal Care,6,48.23,UPI,4.2,289.38
INV0459,2026-06-20,C,Mumbai,Normal,Female,Chips,Snacks,2,33.96,Card,3.8,67.92
INV0460,2026-06-20,D,Bengaluru,Normal,Female,Shampoo,Personal Care,8,172.23,UPI,3.3,1377.84
INV0461,2026-06-21,B,Delhi,Member,Female,Tomato,Vegetables,7,42.98,Card,4.4,300.86
INV0462,2026-06-21,B,Delhi,Member,Male,Rice,Grocery,6,74.54,Card,4.0,447.24
INV0463,2026-06-21,D,Bengaluru,Normal,Female,Soap,Personal Care,3,41.65,Card,3.6,124.95
INV0464,2026-06-21,D,Bengaluru,Member,Male,Noodles,Grocery,6,51.76,Card,3.5,310.56
INV0465,2026-06-21,C,Mumbai,Member,Female,Face Wash,Personal Care,6,114.32,Cash,4.3,685.92
INV0466,2026-06-21,C,Mumbai,Normal,Male,Rice,Grocery,9,67.75,Cash,3.5,609.75
INV0467,2026-06-22,A,Jaipur,Member,Female,Potato,Vegetables,10,37.05,Card,3.0,370.5
INV0468,2026-06-22,A,Jaipur,Member,Female,Apples,Fruits,9,137.72,UPI,4.8,1239.48
INV0469,2026-06-22,A,Jaipur,Member,Female,Soap,Personal Care,4,41.78,Card,3.8,167.12
INV0470,2026-06-22,B,Delhi,Normal,Male,Bread,Bakery,2,42.95,UPI,4.7,85.9
INV0471,2026-06-22,D,Bengaluru,Normal,Male,Bread,Bakery,2,41.94,Net Banking,3.8,83.88
INV0472,2026-06-23,C,Mumbai,Normal,Male,Tea,Beverages,7,127.86,Card,3.0,895.02
INV0473,2026-06-23,B,Delhi,Normal,Male,Cold Drink,Beverages,10,65.86,Card,3.5,658.6
INV0474,2026-06-23,A,Jaipur,Normal,Female,Soap,Personal Care,10,45.0,Card,4.2,450.0
INV0475,2026-06-23,B,Delhi,Member,Female,Cooking Oil,Grocery,9,145.58,Card,3.7,1310.22
INV0476,2026-06-23,A,Jaipur,Normal,Female,Cheese,Dairy,3,233.93,Card,3.0,701.79
INV0477,2026-06-23,B,Delhi,Normal,Male,Cheese,Dairy,3,220.9,Cash,3.3,662.7
INV0478,2026-06-24,B,Delhi,Normal,Female,Bananas,Fruits,3,61.27,Net Banking,4.2,183.81
INV0479,2026-06-24,C,Mumbai,Member,Female,Chocolate,Snacks,1,52.79,UPI,3.8,52.79
INV0480,2026-06-24,B,Delhi,Normal,Male,Coffee,Beverages,9,172.16,Cash,3.7,1549.44
INV0481,2026-06-25,A,Jaipur,Member,Male,Biscuits,Snacks,3,29.48,Card,4.3,88.44
INV0482,2026-06-25,A,Jaipur,Normal,Female,Noodles,Grocery,5,51.97,Cash,4.3,259.85
INV0483,2026-06-25,D,Bengaluru,Normal,Female,Soap,Personal Care,5,41.64,UPI,3.5,208.2
INV0484,2026-06-25,D,Bengaluru,Normal,Female,Tomato,Vegetables,2,42.91,Card,4.0,85.82
INV0485,2026-06-26,A,Jaipur,Member,Male,Tea,Beverages,8,123.11,Card,3.4,984.88
INV0486,2026-06-26,C,Mumbai,Normal,Male,Tomato,Vegetables,5,42.49,Cash,4.2,212.45
INV0487,2026-06-27,B,Delhi,Member,Male,Tea,Beverages,6,124.05,Cash,4.4,744.3
INV0488,2026-06-27,C,Mumbai,Normal,Male,Chips,Snacks,10,36.63,Net Banking,4.8,366.3
INV0489,2026-06-27,D,Bengaluru,Member,Male,Potato,Vegetables,9,35.17,Net Banking,4.6,316.53
INV0490,2026-06-27,D,Bengaluru,Member,Male,Tomato,Vegetables,1,44.63,Net Banking,3.5,44.63
INV0491,2026-06-28,C,Mumbai,Member,Female,Cheese,Dairy,2,232.74,Cash,4.3,465.48
INV0492,2026-06-28,B,Delhi,Normal,Male,Noodles,Grocery,6,52.73,Card,5.0,316.38
INV0493,2026-06-28,A,Jaipur,Normal,Female,Biscuits,Snacks,4,30.74,Cash,4.3,122.96
INV0494,2026-06-29,D,Bengaluru,Normal,Female,Bananas,Fruits,5,61.13,Card,4.3,305.65
INV0495,2026-06-29,C,Mumbai,Member,Female,Tomato,Vegetables,6,45.39,Card,3.9,272.34
INV0496,2026-06-30,B,Delhi,Member,Female,Potato,Vegetables,2,35.99,Card,4.8,71.98
INV0497,2026-06-30,A,Jaipur,Normal,Female,Apples,Fruits,5,130.57,Cash,3.1,652.85
INV0498,2026-07-01,B,Delhi,Normal,Female,Apples,Fruits,9,135.13,Card,3.5,1216.17
INV0499,2026-07-01,C,Mumbai,Member,Male,Milk,Dairy,4,55.78,UPI,4.3,223.12
INV0500,2026-07-01,A,Jaipur,Member,Male,Bread,Bakery,7,42.49,UPI,4.3,297.43
